{
  "manifest.json": 1754045551057,
  "model/models.js": 1754045531457,
  "controller/Overview.controller.js": 1754045531465,
  "controller/App.controller.js": 1754045531461,
  "i18n/i18n.properties": 1754045551057,
  "Component.js": 1754045531453,
  "Component-dbg.js": 1754045531453,
  "Component.js.map": 1754046241470,
  "controller/Overview-dbg.controller.js": 1754045531465,
  "controller/Overview.controller.js.map": 1754046241467,
  "controller/App-dbg.controller.js": 1754045531461,
  "controller/App.controller.js.map": 1754046241484,
  "model/models-dbg.js": 1754045531457,
  "model/models.js.map": 1754046241484,
  "Component-preload.js": 1754046241560,
  "Component-preload.js.map": 1754046241560,
  "view/Overview.view.xml": 1754045531465,
  "view/App.view.xml": 1754045531465,
  "css/style.css": 1754045531461,
  "index.html": 1754045531453
}